{
    "num_points": 72, 
    "point_0": {
        "Left": {
            "Ankle": 0.3999924659729004, 
            "Error": 0.019795647479544667, 
            "Hip": -0.8610268831253052, 
            "Knee": 0.24999277293682098, 
            "Pedal": [
                0.26147, 
                0.00426
            ], 
            "Pedal_actual": [
                0.26621919178500936, 
                0.023477513796628394
            ], 
            "Pedal_angle": 0.0
        }
    }, 
    "point_1": {
        "Left": {
            "Ankle": 0.14996185898780823, 
            "Error": 0.018519563482329356, 
            "Hip": -0.7446584105491638, 
            "Knee": 0.0, 
            "Pedal": [
                0.26082599070504703, 
                0.01901023790261367
            ], 
            "Pedal_actual": [
                0.2792540531675204, 
                0.020848918259610872
            ], 
            "Pedal_angle": 0.08726646259971647
        }
    }, 
    "point_10": {
        "Left": {
            "Ankle": 0.7003203630447388, 
            "Error": 0.09519806617854806, 
            "Hip": -0.7807327508926392, 
            "Knee": 0.0005979578709229827, 
            "Pedal": [
                0.20101537506334993, 
                0.13390536155345584
            ], 
            "Pedal_actual": [
                0.2716971148412199, 
                0.07009270511097998
            ], 
            "Pedal_angle": 0.8726646259971648
        }
    }, 
    "point_11": {
        "Left": {
            "Ankle": 0.7008212208747864, 
            "Error": 0.10993335169174304, 
            "Hip": -0.7868980169296265, 
            "Knee": 0.001953615341335535, 
            "Pedal": [
                0.18930207608805105, 
                0.14289329197546896
            ], 
            "Pedal_actual": [
                0.27398867249116077, 
                0.07278571880335985
            ], 
            "Pedal_angle": 0.9599310885968813
        }
    }, 
    "point_12": {
        "Left": {
            "Ankle": 0.7003214359283447, 
            "Error": 0.12455165186522062, 
            "Hip": -0.779842734336853, 
            "Knee": 0.0006002853624522686, 
            "Pedal": [
                0.17685, 
                0.15082613933647837
            ], 
            "Pedal_actual": [
                0.27132356589476786, 
                0.06965061734603327
            ], 
            "Pedal_angle": 1.0471975511965976
        }
    }, 
    "point_13": {
        "Left": {
            "Ankle": 0.7003109455108643, 
            "Error": 0.13895063721417925, 
            "Hip": -0.7727864980697632, 
            "Knee": 0.0005889924941584468, 
            "Pedal": [
                0.16375391461699598, 
                0.1576435298780826
            ], 
            "Pedal_actual": [
                0.2683548305141283, 
                0.06616524963014317
            ], 
            "Pedal_angle": 1.1344640137963142
        }
    }, 
    "point_14": {
        "Left": {
            "Ankle": 0.7003024220466614, 
            "Error": 0.15297199402383369, 
            "Hip": -0.7657294869422913, 
            "Knee": 0.0005808895803056657, 
            "Pedal": [
                0.1501134890564362, 
                0.16329357914180714
            ], 
            "Pedal_actual": [
                0.26536053890209327, 
                0.06269968542652046
            ], 
            "Pedal_angle": 1.2217304763960306
        }
    }, 
    "point_15": {
        "Left": {
            "Ankle": 0.7002938985824585, 
            "Error": 0.16650859424656456, 
            "Hip": -0.7586717009544373, 
            "Knee": 0.0005727697280235589, 
            "Pedal": [
                0.13603253519315062, 
                0.1677332868411619
            ], 
            "Pedal_actual": [
                0.26234154957349476, 
                0.05925495123331147
            ], 
            "Pedal_angle": 1.3089969389957472
        }
    }, 
    "point_16": {
        "Left": {
            "Ankle": 0.7002778053283691, 
            "Error": 0.17930684617414064, 
            "Hip": -0.73783278465271, 
            "Knee": 0.0005575534887611866, 
            "Pedal": [
                0.12161821758835131, 
                0.17092886411978608
            ], 
            "Pedal_actual": [
                0.25328460505936856, 
                0.04920731418911072
            ], 
            "Pedal_angle": 1.3962634015954636
        }
    }, 
    "point_17": {
        "Left": {
            "Ankle": 0.7002524733543396, 
            "Error": 0.19131250814229864, 
            "Hip": -0.7169915437698364, 
            "Knee": 0.0005334407906048, 
            "Pedal": [
                0.10698023790261371, 
                0.17285599070504704
            ], 
            "Pedal_actual": [
                0.2440216310137492, 
                0.03935145499062398
            ], 
            "Pedal_angle": 1.48352986419518
        }
    }, 
    "point_18": {
        "Left": {
            "Ankle": 0.7002283930778503, 
            "Error": 0.20232334143383968, 
            "Hip": -0.6961480975151062, 
            "Knee": 0.0005105349118821323, 
            "Pedal": [
                0.09223000000000002, 
                0.1735
            ], 
            "Pedal_actual": [
                0.23455405247907457, 
                0.029689357181424077
            ], 
            "Pedal_angle": 1.5707963267948966
        }
    }, 
    "point_19": {
        "Left": {
            "Ankle": 0.7008007764816284, 
            "Error": 0.2121896928848714, 
            "Hip": -0.6748327612876892, 
            "Knee": 0.0019349697977304459, 
            "Pedal": [
                0.07747976209738636, 
                0.17285599070504704
            ], 
            "Pedal_actual": [
                0.22431910205746788, 
                0.01965425838555597
            ], 
            "Pedal_angle": 1.658062789394613
        }
    }, 
    "point_2": {
        "Left": {
            "Ankle": 0.23326660692691803, 
            "Error": 0.018403250202291253, 
            "Hip": -0.7386350035667419, 
            "Knee": 0.0, 
            "Pedal": [
                0.25889886411978613, 
                0.03364821758835129
            ], 
            "Pedal_actual": [
                0.274176078883212, 
                0.023387305003191243
            ], 
            "Pedal_angle": 0.17453292519943295
        }
    }, 
    "point_20": {
        "Left": {
            "Ankle": 0.7006962299346924, 
            "Error": 0.2207459321850591, 
            "Hip": -0.6397680640220642, 
            "Knee": 0.0018415208905935287, 
            "Pedal": [
                0.06284178241164873, 
                0.17092886411978608
            ], 
            "Pedal_actual": [
                0.20761501822967646, 
                0.004227403178459245
            ], 
            "Pedal_angle": 1.7453292519943295
        }
    }, 
    "point_21": {
        "Left": {
            "Ankle": 0.7005524635314941, 
            "Error": 0.2278453186949699, 
            "Hip": -0.6184293031692505, 
            "Knee": 0.001704421010799706, 
            "Pedal": [
                0.04842746480684942, 
                0.1677332868411619
            ], 
            "Pedal_actual": [
                0.19721168471393494, 
                -0.004854635302049201
            ], 
            "Pedal_angle": 1.832595714594046
        }
    }, 
    "point_22": {
        "Left": {
            "Ankle": 0.7004643678665161, 
            "Error": 0.23334461379645824, 
            "Hip": -0.5833423137664795, 
            "Knee": 0.0016203108243644238, 
            "Pedal": [
                0.034346510943563835, 
                0.16329357914180714
            ], 
            "Pedal_actual": [
                0.17965168973699455, 
                -0.01932807599480471
            ], 
            "Pedal_angle": 1.9198621771937625
        }
    },