{
    "num_points": 72, 
    "point_0": {
        "Left": {
            "Ankle": 0.399992436170578, 
            "Hip": -0.8610268831253052, 
            "Knee": 0.2499927580356598, 
            "Pedal": [
                0.26147, 
                0.00426
            ], 
            "Pedal_actual": [
                0.2662191965001932, 
                0.023477515860202636
            ], 
            "Pedal_angle": 0.0
        }, 
        "Right": {}
    }, 
    "point_1": {
        "Left": {
            "Ankle": 0.14996182918548584, 
            "Hip": -0.7446584105491638, 
            "Knee": 0.0, 
            "Pedal": [
                0.26082599070504703, 
                0.01901023790261367
            ], 
            "Pedal_actual": [
                0.2792540539008478, 
                0.020848916241039267
            ], 
            "Pedal_angle": 0.08726646259971647
        }, 
        "Right": {}
    }, 
    "point_2": {
        "Left": {
            "Ankle": 0.23326657712459564, 
            "Hip": -0.7386350035667419, 
            "Knee": 0.0, 
            "Pedal": [
                0.25889886411978613, 
                0.03364821758835129
            ], 
            "Pedal_actual": [
                0.2741760797701934, 
                0.02338730304726063
            ], 
            "Pedal_angle": 0.17453292519943295
        }, 
        "Right": {}
    }, 
    "point_3": {
        "Left": {
            "Ankle": 0.4276891052722931, 
            "Hip": -0.7464053630828857, 
            "Knee": 0.0, 
            "Pedal": [
                0.25570328684116195, 
                0.04806253519315061
            ], 
            "Pedal_actual": [
                0.27069860618359626, 
                0.039340564872550915
            ], 
            "Pedal_angle": 0.2617993877991494
        }, 
        "Right": {}
    }, 
    "point_4": {
        "Left": {
            "Ankle": 0.5665592551231384, 
            "Hip": -0.7541760206222534, 
            "Knee": 0.0, 
            "Pedal": [
                0.2512635791418072, 
                0.06214348905643617
            ], 
            "Pedal_actual": [
                0.2676968794662887, 
                0.05081682683611012
            ], 
            "Pedal_angle": 0.3490658503988659
        }, 
        "Right": {}
    }
}