{
    "num_points": 72, 
    "point_0": {
        "Left": {
            "Ankle": 0.20000000298023224, 
            "Error": 0.01979127453229494, 
            "Hip": -0.8999999761581421, 
            "Knee": 1.899999976158142, 
            "Pedal": [
                0.26146872619138606, 
                0.0042772834965418725
            ], 
            "Pedal_actual": [
                0.26894232884529146, 
                0.022603216241813107
            ], 
            "Pedal_angle": 0.0
        }
    }, 
    "point_1": {
        "Left": {
            "Ankle": 0.2222222238779068, 
            "Error": 0.00547172070003203, 
            "Hip": -0.892105221748352, 
            "Knee": 1.8815789222717285, 
            "Pedal": [
                0.26082471689643305, 
                0.01902752139915554
            ], 
            "Pedal_actual": [
                0.26624529493818205, 
                0.018281156131697604
            ], 
            "Pedal_angle": 0.08726646259971647
        }
    }, 
    "point_10": {
        "Left": {
            "Ankle": 0.699999988079071, 
            "Error": 0.07021417968323446, 
            "Hip": -1.0578947067260742, 
            "Knee": 2.0, 
            "Pedal": [
                0.20101410125473596, 
                0.13392264504999774
            ], 
            "Pedal_actual": [
                0.1932945625585588, 
                0.06413410909381251
            ], 
            "Pedal_angle": 0.8726646259971648
        }
    }, 
    "point_11": {
        "Left": {
            "Ankle": 0.699999988079071, 
            "Error": 0.07815356720167209, 
            "Hip": -1.0815789699554443, 
            "Knee": 2.0, 
            "Pedal": [
                0.18930080227943707, 
                0.14291057547201086
            ], 
            "Pedal_actual": [
                0.18324114590424156, 
                0.06499228088748579
            ], 
            "Pedal_angle": 0.9599310885968813
        }
    }, 
    "point_12": {
        "Left": {
            "Ankle": 0.699999988079071, 
            "Error": 0.0845236472690845, 
            "Hip": -1.121052622795105, 
            "Knee": 2.0, 
            "Pedal": [
                0.17684872619138603, 
                0.15084342283302027
            ], 
            "Pedal_actual": [
                0.1665397093054676, 
                0.06695080624184185
            ], 
            "Pedal_angle": 1.0471975511965976
        }
    }, 
    "point_13": {
        "Left": {
            "Ankle": 0.699999988079071, 
            "Error": 0.08917198086044412, 
            "Hip": -1.1605262756347656, 
            "Knee": 2.0, 
            "Pedal": [
                0.163752640808382, 
                0.1576608133746245
            ], 
            "Pedal_actual": [
                0.14992857292428197, 
                0.06956690145268063
            ], 
            "Pedal_angle": 1.1344640137963142
        }
    }, 
    "point_14": {
        "Left": {
            "Ankle": 0.699999988079071, 
            "Error": 0.09196895500409132, 
            "Hip": -1.2157894372940063, 
            "Knee": 2.0, 
            "Pedal": [
                0.15011221524782223, 
                0.163310862638349
            ], 
            "Pedal_actual": [
                0.12687390779691748, 
                0.07432620243580737
            ], 
            "Pedal_angle": 1.2217304763960306
        }
    }, 
    "point_15": {
        "Left": {
            "Ankle": 0.699999988079071, 
            "Error": 0.09280544820367019, 
            "Hip": -1.255263090133667, 
            "Knee": 2.0, 
            "Pedal": [
                0.13603126138453664, 
                0.1677505703377038
            ], 
            "Pedal_actual": [
                0.11058472864856486, 
                0.0785018998265907
            ], 
            "Pedal_angle": 1.3089969389957472
        }
    }, 
    "point_16": {
        "Left": {
            "Ankle": 0.699999988079071, 
            "Error": 0.09173674212642938, 
            "Hip": -1.2947367429733276, 
            "Knee": 2.0, 
            "Pedal": [
                0.12161694377973734, 
                0.17094614761632798
            ], 
            "Pedal_actual": [
                0.09447302572861632, 
                0.08331717085176094
            ], 
            "Pedal_angle": 1.3962634015954636
        }
    }, 
    "point_17": {
        "Left": {
            "Ankle": 0.699999988079071, 
            "Error": 0.08877893594389266, 
            "Hip": -1.3342103958129883, 
            "Knee": 2.0, 
            "Pedal": [
                0.10697896409399973, 
                0.1728732742015889
            ], 
            "Pedal_actual": [
                0.07856390053780538, 
                0.08876451347818251
            ], 
            "Pedal_angle": 1.48352986419518
        }
    }, 
    "point_18": {
        "Left": {
            "Ankle": 0.699999988079071, 
            "Error": 0.08397651178739736, 
            "Hip": -1.373684048652649, 
            "Knee": 2.0, 
            "Pedal": [
                0.09222872619138604, 
                0.17351728349654189
            ], 
            "Pedal_actual": [
                0.0628821389674582, 
                0.09483544092605245
            ], 
            "Pedal_angle": 1.5707963267948966
        }
    }, 
    "point_19": {
        "Left": {
            "Ankle": 0.699999988079071, 
            "Error": 0.07741316906151169, 
            "Hip": -1.4131577014923096, 
            "Knee": 2.0, 
            "Pedal": [
                0.07747848828877238, 
                0.1728732742015889
            ], 
            "Pedal_actual": [
                0.04745217268389304, 
                0.10152049489102266
            ], 
            "Pedal_angle": 1.658062789394613
        }
    }, 
    "point_2": {
        "Left": {
            "Ankle": 0.24444444477558136, 
            "Error": 0.01846431042174004, 
            "Hip": -0.884210467338562, 
            "Knee": 1.87285315990448, 
            "Pedal": [
                0.2588975903111721, 
                0.03366550108489316
            ], 
            "Pedal_actual": [
                0.2661209609807866, 
                0.016672747466961457
            ], 
            "Pedal_angle": 0.17453292519943295
        }
    }, 
    "point_3": {
        "Left": {
            "Ankle": 0.2666666805744171, 
            "Error": 0.018397963616005895, 
            "Hip": -0.9236841797828674, 
            "Knee": 1.9270665645599365, 
            "Pedal": [
                0.2557020130325479, 
                0.04807981868969248
            ], 
            "Pedal_actual": [
                0.2603904449362101, 
                0.030289268627915325
            ], 
            "Pedal_angle": 0.2617993877991494
        }
    }, 
    "point_4": {
        "Left": {
            "Ankle": 0.2888889014720917, 
            "Error": 0.019360128513825153, 
            "Hip": -0.9631578922271729, 
            "Knee": 1.97653329372406, 
            "Pedal": [
                0.25126230533319316, 
                0.06216077255297804
            ], 
            "Pedal_actual": [
                0.25375257841967475, 
                0.042961472669217404
            ], 
            "Pedal_angle": 0.3490658503988659
        }
    }, 
    "point_5": {
        "Left": {
            "Ankle": 0.4888888895511627, 
            "Error": 0.021281924242698796, 
            "Hip": -0.9552631378173828, 
            "Knee": 2.0, 
            "Pedal": [
                0.24561225606946865, 
                0.07580119811353785
            ], 
            "Pedal_actual": [
                0.24973755149840565, 
                0.054922926223940224
            ], 
            "Pedal_angle": 0.4363323129985824
        }
    }, 
    "point_6": {
        "Left": {
            "Ankle": 0.6888889074325562, 
            "Error": 0.026198867574525768, 
            "Hip": -0.9473683834075928, 
            "Knee": 2.0,