{
    "num_points": 36, 
    "point_0": {
        "Left": {
            "Ankle": 0.20000000298023224, 
            "Error": 0.01979127453229494, 
            "Hip": -0.8999999761581421, 
            "Knee": 1.899999976158142, 
            "Pedal": [
                0.26146872619138606, 
                0.0042772834965418725
            ], 
            "Pedal_actual": [
                0.26894232884529146, 
                0.022603216241813107
            ], 
            "Pedal_angle": 0.0
        }
    }, 
    "point_1": {
        "Left": {
            "Ankle": 0.2222222238779068, 
            "Error": 0.01704895401262779, 
            "Hip": -0.892105221748352, 
            "Knee": 1.8815789222717285, 
            "Pedal": [
                0.2588975903111721, 
                0.03366550108489316
            ], 
            "Pedal_actual": [
                0.26624529493818205, 
                0.018281156131697604
            ], 
            "Pedal_angle": 0.17453292519943295
        }
    }, 
    "point_10": {
        "Left": {
            "Ankle": 0.699999988079071, 
            "Error": 0.0692375260422427, 
            "Hip": -1.4526314735412598, 
            "Knee": 2.0, 
            "Pedal": [
                0.06284050860303475, 
                0.17094614761632798
            ], 
            "Pedal_actual": [
                0.03229799574004143, 
                0.10880928319218662
            ], 
            "Pedal_angle": 1.7453292519943295
        }
    }, 
    "point_11": {
        "Left": {
            "Ankle": 0.699999988079071, 
            "Error": 0.048919223796681434, 
            "Hip": -1.5078946352005005, 
            "Knee": 2.0, 
            "Pedal": [
                0.03434523713494986, 
                0.16331086263834904
            ], 
            "Pedal_actual": [
                0.011590462197807988, 
                0.12000600523840113
            ], 
            "Pedal_angle": 1.9198621771937625
        }
    }, 
    "point_12": {
        "Left": {
            "Ankle": 0.699999988079071, 
            "Error": 0.02447442762162376, 
            "Hip": -1.5473682880401611, 
            "Knee": 2.0, 
            "Pedal": [
                0.00760872619138607, 
                0.1508434228330203
            ], 
            "Pedal_actual": [
                -0.002806232605591083, 
                0.1286955958365999
            ], 
            "Pedal_angle": 2.0943951023931953
        }
    }, 
    "point_13": {
        "Left": {
            "Ankle": 0.6111111044883728, 
            "Error": 0.019117494346935365, 
            "Hip": -1.539473533630371, 
            "Knee": 1.9289473295211792, 
            "Pedal": [
                -0.016556648871963897, 
                0.13392264504999774
            ], 
            "Pedal_actual": [
                -0.022243092546748985, 
                0.11567044111626408
            ], 
            "Pedal_angle": 2.2689280275926285
        }
    }, 
    "point_14": {
        "Left": {
            "Ankle": 0.5716049075126648, 
            "Error": 0.00833621235262112, 
            "Hip": -1.531578779220581, 
            "Knee": 1.8952908515930176, 
            "Pedal": [
                -0.037416635362069794, 
                0.11306265855989181
            ], 
            "Pedal_actual": [
                -0.03009803179631912, 
                0.10907135824102648
            ], 
            "Pedal_angle": 2.443460952792061
        }
    }, 
    "point_15": {
        "Left": {
            "Ankle": 0.554046630859375, 
            "Error": 0.019503339561496268, 
            "Hip": -1.523684024810791, 
            "Knee": 1.8525367975234985, 
            "Pedal": [
                -0.054337413145092384, 
                0.08889728349654186
            ], 
            "Pedal_actual": [
                -0.04175073808642418, 
                0.10379546677567107
            ], 
            "Pedal_angle": 2.6179938779914944
        }
    }, 
    "point_16": {
        "Left": {
            "Ankle": 0.5462429523468018, 
            "Error": 0.018332415113752828, 
            "Hip": -1.4526313543319702, 
            "Knee": 1.71819269657135, 
            "Pedal": [
                -0.0668048529504211, 
                0.06216077255297807
            ], 
            "Pedal_actual": [
                -0.0611087209814226, 
                0.07958579836342398
            ], 
            "Pedal_angle": 2.792526803190927
        }
    }, 
    "point_17": {
        "Left": {
            "Ankle": 0.5427746176719666, 
            "Error": 0.01908150948824888, 
            "Hip": -1.3657892942428589, 
            "Knee": 1.583982229232788, 
            "Pedal": [
                -0.07444013792840007, 
                0.033665501084893225
            ], 
            "Pedal_actual": [
                -0.07223349525018104, 
                0.05261898974637173
            ], 
            "Pedal_angle": 2.96705972839036
        }
    }, 
    "point_18": {
        "Left": {
            "Ankle": 0.5412331819534302, 
            "Error": 0.018412958756459475, 
            "Hip": -1.2631577253341675, 
            "Knee": 1.449771761894226, 
            "Pedal": [
                -0.07701127380861397, 
                0.004277283496541893
            ], 
            "Pedal_actual": [
                -0.07382703003343091, 
                0.022412818827689016
            ], 
            "Pedal_angle": 3.141592653589793
        }
    }, 
    "point_19": {
        "Left": {
            "Ankle": 0.5405480861663818, 
            "Error": 0.018994766777721113, 
            "Hip": -1.160526156425476, 
            "Knee": 1.315561294555664, 
            "Pedal": [
                -0.07444013792840007, 
                -0.025110934091809364
            ], 
            "Pedal_actual": [
                -0.07238425240474258, 
                -0.006227753754439461
            ], 
            "Pedal_angle": 3.316125578789226
        }
    }, 
    "point_2": {
        "Left": {
            "Ankle": 0.24444444477558136, 
            "Error": 0.019211926810661233, 
            "Hip": -0.9631578326225281, 
            "Knee": 1.9858726263046265, 
            "Pedal": [
                0.25126230533319316, 
                0.06216077255297804
            ], 
            "Pedal_actual": [
                0.25922133268105246, 
                0.04467500647155537
            ], 
            "Pedal_angle": 0.3490658503988659
        }
    }, 
    "point_20": {
        "Left": {
            "Ankle": 0.5402435660362244, 
            "Error": 0.01751147949893031, 
            "Hip": -1.0421050786972046, 
            "Knee": 1.181350827217102, 
            "Pedal": [
                -0.06680485295042113, 
                -0.053606205559894295
            ], 
            "Pedal_actual": [
                -0.05973865796187854, 
                -0.037583696311173226
            ], 
            "Pedal_angle": 3.490658503988659
        }
    }, 
    "point_21": {
        "Left": {
            "Ankle": 0.5401082634925842, 
            "Error": 0.01926820044446085, 
            "Hip": -0.9394735097885132, 
            "Knee": 1.0629297494888306, 
            "Pedal": [
                -0.05433741314509241, 
                -0.08034271650345809
            ], 
            "Pedal_actual": [
                -0.04658918086104995, 
                -0.06270104864465167
            ], 
            "Pedal_angle": 3.665191429188092
        }
    }, 
    "point_22": {
        "Left": {
            "Ankle": 0.5400481224060059, 
            "Error": 0.019932877101151526, 
            "Hip": -0.8368419408798218, 
            "Knee": 0.9445086717605591, 
            "Pedal": [
                -0.03741663536206982, 
                -0.10450809156680803
            ], 
            "Pedal_actual": [
                -0.030912607093003953, 
                -0.0856661912962726
            ], 
            "Pedal_angle": 3.839724354387525
        }
    },