{
    "elbow_left_rot0": [
        0.38469932704902193, 
        -0.11950653161385026, 
        -6.685743844593282, 
        -3.092820420918821, 
        32.10755561393798
    ], 
    "elbow_left_rot1": [
        0.8003290498730835, 
        -0.07801647724315385, 
        3.8427441675199066, 
        1.636416136604417, 
        -42.84150646399053
    ], 
    "elbow_right_rot0": [
        0.5684301927104994, 
        1.370110698717139, 
        -8.123443210456843, 
        -26.89742552638641, 
        -66.61066610219783
    ], 
    "elbow_right_rot1": [
        0.7126143449240651, 
        -0.3951404270654242, 
        2.569824126919447, 
        -1.1836281666233315, 
        -25.12092785353059
    ], 
    "left_shoulder_axis0": [
        -0.6146411859324781, 
        0.3352614682188138, 
        -2.167562649566893, 
        -2.2986812842610886, 
        -1.6880470298345742
    ], 
    "left_shoulder_axis1": [
        0.895447018316577, 
        1.3027931125387877, 
        3.859601703078774, 
        -2.6823659954073795, 
        -41.06898917642618
    ], 
    "left_shoulder_axis2": [
        0.8097455928972744, 
        -0.353204869268775, 
        -4.922423304718297, 
        -8.859623209109238, 
        37.80991949760041
    ], 
    "left_wrist_0": [
        -0.3090667489445646, 
        -1.8393980718909728, 
        1.7594244479765553, 
        7.043119654460599, 
        16.4787586971366
    ], 
    "left_wrist_1": [
        0.004511956703724479, 
        -0.48736854227640697, 
        -3.01824762913546, 
        -1.0099938213080981, 
        9.614836319327445
    ], 
    "right_shoulder_axis0": [
        -0.7964832517701582, 
        2.273076192015529, 
        -4.631786075275814, 
        -17.838626631908415, 
        -22.30803186559324
    ], 
    "right_shoulder_axis1": [
        0.5694109147719539, 
        -0.0835636182935377, 
        1.5778103115944357, 
        10.653385397162516, 
        37.59777508711015
    ], 
    "right_shoulder_axis2": [
        -0.8924823930571651, 
        0.5893044710866377, 
        2.6123526641277612, 
        -18.91610038366195, 
        -54.92687223074288
    ], 
    "right_wrist_0": [
        0.399040506991976, 
        -1.2469647448523509, 
        -3.447088792806615, 
        -6.50149672159199, 
        -26.69351068552532
    ], 
    "right_wrist_1": [
        -0.04542010053475441, 
        -0.5688429986915507, 
        2.7931876038698746, 
        2.3808449673010115, 
        33.99209345900346
    ]
}