{
    "num_points": 36, 
    "point_0": {
        "Ankle": 0.0, 
        "Hip": 0.6262265254686353, 
        "Knee": 0.7383824744548745, 
        "Pedal": [
            0.37345, 
            0.2101
        ]
    }, 
    "point_1": {
        "Ankle": 0.0, 
        "Hip": 0.5532921364453951, 
        "Knee": 0.6091468887320235, 
        "Pedal": [
            0.3708788641197861, 
            0.2394882175883513
        ]
    }, 
    "point_10": {
        "Ankle": 0.0, 
        "Hip": -0.21748059938108807, 
        "Knee": 0.21820482869173444, 
        "Pedal": [
            0.17482178241164872, 
            0.3767688641197861
        ]
    }, 
    "point_11": {
        "Ankle": 0.0, 
        "Hip": -0.23096495795166952, 
        "Knee": 0.2930656133911123, 
        "Pedal": [
            0.14632651094356383, 
            0.36913357914180717
        ]
    }, 
    "point_12": {
        "Ankle": 0.0, 
        "Hip": -0.2182027794960863, 
        "Knee": 0.3862422000623274, 
        "Pedal": [
            0.11959000000000004, 
            0.3566661393364784
        ]
    }, 
    "point_13": {
        "Ankle": 0.0, 
        "Hip": -0.18216759974234403, 
        "Knee": 0.4942725132044199, 
        "Pedal": [
            0.09542462493665008, 
            0.33974536155345586
        ]
    }, 
    "point_14": {
        "Ankle": 0.0, 
        "Hip": -0.12638966724636638, 
        "Knee": 0.6142278689098355, 
        "Pedal": [
            0.07456463844654418, 
            0.31888537506334996
        ]
    }, 
    "point_15": {
        "Ankle": 0.0, 
        "Hip": -0.05423895159141039, 
        "Knee": 0.7438200353741882, 
        "Pedal": [
            0.05764386066352159, 
            0.29472
        ]
    }, 
    "point_16": {
        "Ankle": 0.0, 
        "Hip": 0.031379006847729304, 
        "Knee": 0.8813798425467159, 
        "Pedal": [
            0.04517642085819287, 
            0.2679834890564362
        ]
    }, 
    "point_17": {
        "Ankle": 0.0, 
        "Hip": 0.12813696042452666, 
        "Knee": 1.0258205009378556, 
        "Pedal": [
            0.037541135880213905, 
            0.23948821758835137
        ]
    }, 
    "point_18": {
        "Ankle": 0.0, 
        "Hip": 0.23431360038021373, 
        "Knee": 1.176666485611595, 
        "Pedal": [
            0.03497, 
            0.21010000000000004
        ]
    }, 
    "point_19": {
        "Ankle": 0.0, 
        "Hip": 0.3488575992092937, 
        "Knee": 1.3342140319718256, 
        "Pedal": [
            0.037541135880213905, 
            0.18071178241164876
        ]
    }, 
    "point_2": {
        "Ankle": 0.0, 
        "Hip": 0.47279888202028586, 
        "Knee": 0.48962702524627133, 
        "Pedal": [
            0.36324357914180716, 
            0.2679834890564362
        ]
    }, 
    "point_20": {
        "Ankle": 0.0, 
        "Hip": 0.4716242885552053, 
        "Knee": 1.5000806630219587, 
        "Pedal": [
            0.045176420858192845, 
            0.15221651094356384
        ]
    }, 
    "point_21": {
        "Ankle": 0.0, 
        "Hip": 0.6043577398468064, 
        "Knee": 1.6791188836838442, 
        "Pedal": [
            0.05764386066352156, 
            0.12548000000000004
        ]
    }, 
    "point_22": {
        "Ankle": 0.0, 
        "Hip": 0.7555702682753282, 
        "Knee": 1.8887038224196226, 
        "Pedal": [
            0.07456463844654415, 
            0.10131462493665011
        ]
    }, 
    "point_23": {
        "Ankle": 0.0, 
        "Hip": 0.9638961216519882, 
        "Knee": 2.2029517358726105, 
        "Pedal": [
            0.09542462493665006, 
            0.08045463844654419
        ]
    }, 
    "point_24": {
        "Ankle": 0.0, 
        "Hip": 1.0121335672622098, 
        "Knee": 2.213424881544246, 
        "Pedal": [
            0.11958999999999993, 
            0.06353386066352165
        ]
    }, 
    "point_25": {
        "Ankle": 0.0, 
        "Hip": 1.0560436561465754, 
        "Knee": 2.214256369659381, 
        "Pedal": [
            0.14632651094356372, 
            0.05106642085819291
        ]
    }, 
    "point_26": {
        "Ankle": 0.0, 
        "Hip": 1.0998594960772337, 
        "Knee": 2.214240590455623, 
        "Pedal": [
            0.17482178241164872, 
            0.04343113588021391
        ]
    }, 
    "point_28": {
        "Ankle": 0.0, 
        "Hip": 1.1783160789806872, 
        "Knee": 2.1982841681813223, 
        "Pedal": [
            0.23359821758835123, 
            0.04343113588021391
        ]
    }, 
    "point_29": {
        "Ankle": 0.0, 
        "Hip": 1.0503277372383493, 
        "Knee": 1.8786082825235815, 
        "Pedal": [
            0.2620934890564361, 
            0.05106642085819285
        ]
    }, 
    "point_3": {
        "Ankle": 0.0, 
        "Hip": 0.38404351119748054, 
        "Knee": 0.3821456109544889, 
        "Pedal": [
            0.35077613933647844, 
            0.29472
        ]
    }, 
    "point_30": {
        "Ankle": 0.0, 
        "Hip": 0.979703668607125, 
        "Knee": 1.6712921477432818, 
        "Pedal": [
            0.28883000000000003, 
            0.06353386066352162
        ]
    }, 
    "point_31": {
        "Ankle": 0.0, 
        "Hip": 0.9216783245834014, 
        "Knee": 1.4930620585616154, 
        "Pedal": [
            0.3129953750633499, 
            0.08045463844654416
        ]
    }, 
    "point_32": {
        "Ankle": 0.0, 
        "Hip": 0.8667607946322091, 
        "Knee": 1.3276184029370264, 
        "Pedal": [
            0.3338553615534558, 
            0.10131462493665006
        ]
    }, 
    "point_33": {
        "Ankle": 0.0, 
        "Hip": 0.807,
        "Knee": 1.18, 
        "Pedal": [
            0.35077613933647833, 
            0.12547999999999992
        ]
    }, 
    "point_34": {
        "Ankle": 0.0, 
        "Hip": 0.7540296796216345, 
        "Knee": 1.0198023475871698, 
        "Pedal": [
            0.36324357914180705, 
            0.1522165109435637
        ]
    }, 
    "point_35": {
        "Ankle": 0.0, 
        "Hip": 0.6927133754599832, 
        "Knee": 0.875636531602403, 
        "Pedal": [
            0.3708788641197861, 
            0.1807117824116487
        ]
    }, 
    "point_4": {
        "Ankle": 0.0, 
        "Hip": 0.28720815907856356, 
        "Knee": 0.2896424073218039, 
        "Pedal": [
            0.33385536155345585, 
            0.3188853750633499
        ]
    }, 
    "point_5": {
        "Ankle": 0.0, 
        "Hip": 0.18409924156544788, 
        "Knee": 0.21560331597783985, 
        "Pedal": [
            0.31299537506334996, 
            0.33974536155345586
        ]
    }, 
    "point_6": {
        "Ankle": 0.0, 
        "Hip": 0.07886478264212339, 
        "Knee": 0.16368696142348024, 
        "Pedal": [
            0.28883000000000003, 
            0.3566661393364784
        ]
    }, 
    "point_7": {
        "Ankle": 0.0, 
        "Hip": -0.021776320854580727, 
        "Knee": 0.13707240018624647, 
        "Pedal": [
            0.2620934890564362, 
            0.3691335791418071
        ]
    }, 
    "point_8": {
        "Ankle": 0.0, 
        "Hip": -0.10948964093680634, 
        "Knee": 0.13763098280559619, 
        "Pedal": [
            0.2335982175883513, 
            0.3767688641197861
        ]
    }, 
    "point_9": {
        "Ankle": 0.0, 
        "Hip": -0.17644724777333332, 
        "Knee": 0.16532041132963252, 
        "Pedal": [
            0.20421, 
            0.37934
        ]
    }
}
