{
    "num_points": 35, 
    "point_0": {
        "Left": {
            "Ankle": 0.0, 
            "Hip": -0.13878123614470414, 
            "Knee": -0.8867820847617353, 
            "Pedal": [
                0.03497, 
                0.210099999999965
            ]
        }, 
        "Right": {
            "Ankle": 0.0, 
            "Hip": 0.6262265254686353, 
            "Knee": 0.7383824744548745, 
            "Pedal": [
                0.37345, 
                0.2101
            ]
        }
    }, 
    "point_1": {
        "Left": {
            "Ankle": 0.0, 
            "Hip": -0.19398408912645468, 
            "Knee": -0.7291761763388235, 
            "Pedal": [
                0.037541135880219983, 
                0.18071178241161429
            ]
        }, 
        "Right": {
            "Ankle": 0.0, 
            "Hip": 0.5532921364453951, 
            "Knee": 0.6091468887320235, 
            "Pedal": [
                0.3708788641197861, 
                0.2394882175883513
            ]
        }
    }, 
    "point_10": {
        "Left": {
            "Ankle": 0.0, 
            "Hip": -0.2930819669520237, 
            "Knee": 0.15048467114950473, 
            "Pedal": [
                0.23359821758838573, 
                0.04343113588021999
            ]
        }, 
        "Right": {
            "Ankle": 0.0, 
            "Hip": -0.21748059938108807, 
            "Knee": 0.21820482869173444, 
            "Pedal": [
                0.17482178241164872, 
                0.3767688641197861
            ]
        }
    }, 
    "point_11": {
        "Left": {
            "Ankle": 0.0, 
            "Hip": -0.07440892798515654, 
            "Knee": -0.1831012691328684, 
            "Pedal": [
                0.2620934890564691, 
                0.05106642085820487
            ]
        }, 
        "Right": {
            "Ankle": 0.0, 
            "Hip": -0.23096495795166952, 
            "Knee": 0.2930656133911123, 
            "Pedal": [
                0.14632651094356383, 
                0.36913357914180717
            ]
        }
    }, 
    "point_12": {
        "Left": {
            "Ankle": 0.0, 
            "Hip": 0.0761053967884455, 
            "Knee": -0.3915236629948318, 
            "Pedal": [
                0.28883000000003034, 
                0.06353386066353914
            ]
        }, 
        "Right": {
            "Ankle": 0.0, 
            "Hip": -0.2182027794960863, 
            "Knee": 0.3862422000623274, 
            "Pedal": [
                0.11959000000000004, 
                0.3566661393364784
            ]
        }
    }, 
    "point_13": {
        "Left": {
            "Ankle": 0.0, 
            "Hip": 0.2084827960373594, 
            "Knee": -0.5700934740142716, 
            "Pedal": [
                0.3129953750633767, 
                0.08045463844656667
            ]
        }, 
        "Right": {
            "Ankle": 0.0, 
            "Hip": -0.18216759974234403, 
            "Knee": 0.4942725132044199, 
            "Pedal": [
                0.09542462493665008, 
                0.33974536155345586
            ]
        }
    }, 
    "point_14": {
        "Left": {
            "Ankle": 0.0, 
            "Hip": 0.3309528550014279, 
            "Knee": -0.7356640245253646, 
            "Pedal": [
                0.33385536155347834, 
                0.10131462493667688
            ]
        }, 
        "Right": {
            "Ankle": 0.0, 
            "Hip": -0.12638966724636638, 
            "Knee": 0.6142278689098355, 
            "Pedal": [
                0.07456463844654418, 
                0.31888537506334996
            ]
        }
    }, 
    "point_15": {
        "Left": {
            "Ankle": 0.0, 
            "Hip": -0.6712685768595882, 
            "Knee": 1.1999444964843948, 
            "Pedal": [
                0.3507761393364959, 
                0.12548000000003026
            ]
        }, 
        "Right": {
            "Ankle": 0.0, 
            "Hip": -0.05423895159141039, 
            "Knee": 0.7438200353741882, 
            "Pedal": [
                0.05764386066352159, 
                0.29472
            ]
        }
    }, 
    "point_16": {
        "Left": {
            "Ankle": 0.0, 
            "Hip": 0.5510271372991826, 
            "Knee": -1.043588625329079, 
            "Pedal": [
                0.36324357914181904, 
                0.15221651094359662
            ]
        }, 
        "Right": {
            "Ankle": 0.0, 
            "Hip": 0.031379006847729304, 
            "Knee": 0.8813798425467159, 
            "Pedal": [
                0.04517642085819287, 
                0.2679834890564362
            ]
        }
    }, 
    "point_17": {
        "Left": {
            "Ankle": 0.0, 
            "Hip": 0.6473794267873146, 
            "Knee": -1.1877847547447284, 
            "Pedal": [
                0.37087886411979215, 
                0.18071178241168306
            ]
        }, 
        "Right": {
            "Ankle": 0.0, 
            "Hip": 0.12813696042452666, 
            "Knee": 1.0258205009378556, 
            "Pedal": [
                0.037541135880213905, 
                0.23948821758835137
            ]
        }
    }, 
    "point_18": {
        "Left": {
            "Ankle": 0.0, 
            "Hip": 0.732505735388465, 
            "Knee": -1.3250597576013423, 
            "Pedal": [
                0.37345, 
                0.21010000000003498
            ]
        }, 
        "Right": {
            "Ankle": 0.0, 
            "Hip": 0.23431360038021373, 
            "Knee": 1.176666485611595, 
            "Pedal": [
                0.03497, 
                0.21010000000000004
            ]
        }
    }, 
    "point_19": {
        "Left": {
            "Ankle": 0.0, 
            "Hip": 0.8040550399032466, 
            "Knee": -1.4543075467870343, 
            "Pedal": [
                0.37087886411978, 
                0.2394882175883857
            ]
        }, 
        "Right": {
            "Ankle": 0.0, 
            "Hip": 0.3488575992092937, 
            "Knee": 1.3342140319718256, 
            "Pedal": [
                0.037541135880213905, 
                0.18071178241164876
            ]
        }
    }, 
    "point_2": {
        "Left": {
            "Ankle": 0.0, 
            "Hip": -0.24900379367687583, 
            "Knee": -0.5632206694152329, 
            "Pedal": [
                0.045176420858204835, 
                0.15221651094353095
            ]
        }, 
        "Right": {
            "Ankle": 0.0, 
            "Hip": 0.47279888202028586, 
            "Knee": 0.48962702524627133, 
            "Pedal": [
                0.36324357914180716, 
                0.2679834890564362
            ]
        }
    }, 
    "point_20": {
        "Left": {
            "Ankle": 0.0, 
            "Hip": 0.8591026131172431, 
            "Knee": -1.5738351880854768, 
            "Pedal": [
                0.36324357914179517, 
                0.2679834890564691
            ]
        }, 
        "Right": {
            "Ankle": 0.0, 
            "Hip": 0.4716242885552053, 
            "Knee": 1.5000806630219587, 
            "Pedal": [
                0.045176420858192845, 
                0.15221651094356384
            ]
        }
    }, 
    "point_21": {
        "Left": {
            "Ankle": 0.0, 
            "Hip": 0.8942607644607617, 
            "Knee": -1.6813322531487, 
            "Pedal": [
                0.3507761393364609, 
                0.29472000000003035
            ]
        }, 
        "Right": {
            "Ankle": 0.0, 
            "Hip": 0.6043577398468064, 
            "Knee": 1.6791188836838442, 
            "Pedal": [
                0.05764386066352156, 
                0.12548000000000004
            ]
        }
    }, 
    "point_22": {
        "Left": {
            "Ankle": 0.0, 
            "Hip": 0.9060111476721463, 
            "Knee": -1.7738425339086932,